{
            "matchRules": [
                {
                   "type": "erMatchRule",
                   "id":0,
                   "name": "StateDashboadToSaferEconomy",
                    "start": 0,
                    "end": 0,  
                    "matches": [
                       {
                           "matchValue": "https", 
                           "matchOperator": "equals",
                           "negate": false,
                           "caseSensitive": false, 
                           "matchType": "protocol"
                       }, 
                       { 
                           "matchValue": "akamaipremium.dev.technology.ca.gov", 
                           "matchOperator": "equals", 
                           "negate": false, 
                           "caseSensitive": false, 
                           "matchType": "hostname"
                       }, 
                       { 
                           "matchValue": "/state-dashboard/", 
                           "matchOperator": "equals",
                           "negate": false, 
                           "caseSensitive": false,
                           "matchType": "path"
                       }
                       
                   ],
                    "statusCode": 301, 
                    "redirectURL": "/safer-economy/", 
                    "useIncomingQueryString": false, 
                    "useRelativeUrl": "relative_url"
               }

            ]
}